{"cameraMode":{"drawMode":0,"name":"Shaded","section":"Shading Mode"},"sceneLighting":false,"audioPlay":false,"sceneViewState":{"showFog":true,"showMaterialUpdate":false,"showSkybox":false,"showFlares":true,"showImageEffects":true,"showParticleSystems":true},"in2DMode":false,"pivot":{"x":2.29998779296875,"y":79.300048828125,"z":515.0},"rotation":{"x":-0.015309189446270466,"y":0.0005970936035737395,"z":-0.000009093262633541599,"w":-0.9998843669891357},"size":549.6624755859375,"orthographic":false}