{"cameraMode":{"drawMode":0,"name":"Shaded","section":"Shading Mode"},"sceneLighting":true,"audioPlay":false,"sceneViewState":{"showFog":false,"showMaterialUpdate":false,"showSkybox":false,"showFlares":false,"showImageEffects":false,"showParticleSystems":false},"in2DMode":false,"pivot":{"x":-9.394350051879883,"y":-64.89982604980469,"z":432.0676574707031},"rotation":{"x":-0.17518723011016847,"y":0.0053395978175103668,"z":0.0008906365255825222,"w":0.9845494031906128},"size":574.2474975585938,"orthographic":true}