{"cameraMode":{"drawMode":0,"name":"Shaded","section":"Shading Mode"},"sceneLighting":true,"audioPlay":false,"sceneViewState":{"showFog":false,"showMaterialUpdate":false,"showSkybox":false,"showFlares":false,"showImageEffects":false,"showParticleSystems":false},"in2DMode":false,"pivot":{"x":345.57684326171877,"y":239.72540283203126,"z":-147.3449249267578},"rotation":{"x":-0.17518723011016847,"y":0.0053395978175103668,"z":0.0008906365255825222,"w":0.9845494031906128},"size":1443.1119384765625,"orthographic":true}