{"cameraMode":{"drawMode":0,"name":"Shaded","section":"Shading Mode"},"sceneLighting":true,"audioPlay":false,"sceneViewState":{"showFog":false,"showMaterialUpdate":false,"showSkybox":false,"showFlares":false,"showImageEffects":false,"showParticleSystems":false},"in2DMode":false,"pivot":{"x":-84.40929412841797,"y":-160.67254638671876,"z":59.972930908203128},"rotation":{"x":-0.17518723011016847,"y":0.0053395978175103668,"z":0.0008906365255825222,"w":0.9845494031906128},"size":858.0242309570313,"orthographic":true}