{"cameraMode":{"drawMode":0,"name":"Shaded","section":"Shading Mode"},"sceneLighting":true,"audioPlay":false,"sceneViewState":{"showFog":false,"showMaterialUpdate":false,"showSkybox":false,"showFlares":false,"showImageEffects":false,"showParticleSystems":false},"in2DMode":false,"pivot":{"x":-84.78645324707031,"y":-166.80062866210938,"z":6.752711296081543},"rotation":{"x":-0.17518723011016847,"y":0.0053395978175103668,"z":0.0008906365255825222,"w":0.9845494031906128},"size":779.9008178710938,"orthographic":true}